"","analyte","Zip","n","min","max","median","mean","sd","gmean","gsd"
"1","Ag","85135",22,0.00275,0.121,0.0165,0.0277,0.0353,0.0152,2.99
"2","Ag","85192",51,0.0018,0.48,0.017,0.0498,0.0911,0.0194,3.83
"3","Ag","85286",2,0.0099,0.0116,0.0107,0.0107,0.00117,0.0107,1.12
"4","Ag","85501",83,0.0015,0.156,0.017,0.0257,0.0256,0.017,2.56
"5","Ag","85502",17,0.0018,0.136,0.017,0.0318,0.0379,0.0189,2.9
"6","Ag","85539",5,0.00265,0.0254,0.02,0.0143,0.0108,0.00949,3.17
"7","Ag","85705",7,0.00307,0.192,0.02,0.0493,0.0664,0.0229,4.05
"8","Ag","85706",26,0.0039,1.11,0.0156,0.0593,0.214,0.0161,2.92
"9","Ag","85711",27,0.0015,0.088,0.015,0.0213,0.0212,0.0142,2.57
"10","Ag","85712",3,0.00843,0.0362,0.017,0.0205,0.0142,0.0173,2.07
"11","Ag","85713",19,0.00508,0.927,0.014,0.0776,0.21,0.0212,3.77
"12","Ag","85714",30,0.00199,0.0787,0.0118,0.0172,0.0175,0.0127,2.17
"13","Ag","85716",6,0.0125,0.0895,0.0423,0.0441,0.0318,0.0337,2.33
"14","Ag","85718",4,0.00518,0.0266,0.0134,0.0147,0.00934,0.0123,2.03
"15","Ag","85719",14,0.0012,0.122,0.0114,0.0275,0.0359,0.0114,4.37
"16","Ag","85745",15,0.0015,0.725,0.0101,0.103,0.227,0.0151,6.73
"17","Ag","85746",9,0.0038,0.0295,0.011,0.0144,0.00966,0.0112,2.22
"18","Ag","85748",6,0.00267,0.029,0.0125,0.0139,0.0088,0.0112,2.23
"19","Ag","85749",8,0.00475,0.024,0.0174,0.0162,0.00584,0.0148,1.66
"20","Ag","85750",1,0.017,0.017,0.017,0.017,NA,0.017,NA
"21","Ag","85756",11,0.00525,0.0308,0.014,0.0146,0.00676,0.0133,1.58
"22","Ag","86314",4,0.00316,0.0646,0.0162,0.025,0.0272,0.0151,3.45
"23","Ag","86327",33,0.0026,0.0703,0.014,0.0179,0.0122,0.0151,1.81
"24","Ag","86333",5,0.00291,0.341,0.0167,0.0857,0.145,0.0216,7.1
"25","Ag",NA,2,0.0168,0.0226,0.0197,0.0197,0.00408,0.0195,1.23
"26","Al","85135",22,19.9,388,42.3,87.4,108,55.9,2.36
"27","Al","85192",51,3.82,248,30.5,49.4,50.4,34.9,2.27
"28","Al","85286",2,49.9,52.9,51.4,51.4,2.08,51.4,1.04
"29","Al","85501",83,13,1850,46.7,121,261,61.2,2.64
"30","Al","85502",17,16,1060,49.7,104,247,47.4,2.58
"31","Al","85539",5,102,214,114,136,46.5,131,1.36
"32","Al","85705",7,14.7,211,43.9,63.3,67.8,44.2,2.38
"33","Al","85706",26,9.28,943,27.1,68.7,180,32,2.53
"34","Al","85711",27,7.94,163,34.4,45,32.4,36.9,1.89
"35","Al","85712",3,20.8,66.3,24.2,37.1,25.4,32.2,1.88
"36","Al","85713",19,12.4,276,27.2,58.5,64.9,39,2.38
"37","Al","85714",30,10.9,405,36.1,64.6,86.8,40.8,2.36
"38","Al","85716",6,15.5,125,54.3,57.5,37.9,47.4,2.04
"39","Al","85718",4,14.8,95.1,21.3,38.1,38.2,28,2.32
"40","Al","85719",14,12.9,90.9,29.3,39,24.9,31.9,1.94
"41","Al","85745",15,7.95,199,36.4,50.3,51.1,32.4,2.67
"42","Al","85746",9,14.8,70.1,24.9,29.3,17.1,26.2,1.6
"43","Al","85748",6,15.6,70.4,26,31.8,20.1,27.8,1.72
"44","Al","85749",8,15.9,75.2,22.4,31.3,20.5,27.1,1.71
"45","Al","85750",1,19.2,19.2,19.2,19.2,NA,19.2,NA
"46","Al","85756",11,1.54,55,29.7,30.9,14.1,24.6,2.62
"47","Al","86314",4,16.4,36.6,22.4,24.5,9.44,23.2,1.46
"48","Al","86327",33,11,142,24,38.6,34.6,29.7,1.96
"49","Al","86333",5,26.3,78,29,39.3,21.9,35.8,1.56
"50","Al",NA,2,38.9,44.3,41.6,41.6,3.81,41.5,1.1
"51","As","85135",22,1.12,40.3,4.34,8.04,9.4,5.11,2.5
"52","As","85192",51,0.139,14.8,1.96,3.39,3.63,2.13,2.71
"53","As","85286",2,1.94,2.49,2.22,2.22,0.393,2.2,1.2
"54","As","85501",83,0.16,7.42,0.911,1.08,1.01,0.814,2.08
"55","As","85502",17,0.16,3.81,0.92,0.952,0.852,0.707,2.23
"56","As","85539",5,0.41,2.73,1.27,1.48,0.905,1.23,2.08
"57","As","85705",7,0.16,4.63,0.841,1.34,1.52,0.844,2.87
"58","As","85706",26,0.18,13.7,1,2.8,4.12,1.16,3.69
"59","As","85711",27,0.28,2.3,0.714,0.848,0.473,0.748,1.64
"60","As","85712",3,0.362,0.986,0.543,0.63,0.321,0.578,1.66
"61","As","85713",19,0.324,4.02,1.1,1.36,0.989,1.04,2.15
"62","As","85714",30,0.28,2.19,1.01,1.07,0.556,0.928,1.75
"63","As","85716",6,0.801,5.42,1.42,2.1,1.76,1.65,2.06
"64","As","85718",4,0.108,1.15,0.426,0.528,0.458,0.376,2.75
"65","As","85719",14,0.372,4.42,0.903,1.23,1.16,0.927,2.07
"66","As","85745",15,0.34,4.25,0.702,1,0.978,0.78,1.91
"67","As","85746",9,0.28,1.1,0.754,0.71,0.296,0.644,1.65
"68","As","85748",6,0.264,2.43,0.714,0.994,0.869,0.699,2.56
"69","As","85749",8,0.211,2.73,0.675,0.894,0.839,0.634,2.41
"70","As","85750",1,1.14,1.14,1.14,1.14,NA,1.14,NA
"71","As","85756",11,0.28,3.23,1.15,1.29,1.03,0.936,2.38
"72","As","86314",4,0.255,3.44,2.07,1.96,1.54,1.3,3.34
"73","As","86327",33,0.154,14.1,0.99,1.8,3.2,0.942,2.75
"74","As","86333",5,0.405,5.14,0.812,1.57,2.01,0.969,2.73
"75","As",NA,2,0.28,0.314,0.297,0.297,0.0244,0.297,1.09
"76","Ba","85135",22,10.5,185,28.9,46.2,46.8,31.9,2.3
"77","Ba","85192",51,0.226,98.4,11.9,17.3,18.3,9.77,3.55
"78","Ba","85286",2,30.4,59.1,44.8,44.8,20.3,42.4,1.6
"79","Ba","85501",83,0.412,138,11.8,16.2,17.8,10.8,2.61
"80","Ba","85502",17,1.56,46.9,5.85,9.3,10.7,6.37,2.32
"81","Ba","85539",5,11.6,80.7,17.8,30.5,29,22.9,2.21
"82","Ba","85705",7,6.89,30.5,21.3,19.9,9.06,17.8,1.73
"83","Ba","85706",26,0.119,86.1,11.7,23.4,25.7,12.7,3.92
"84","Ba","85711",27,0.161,23.7,9.08,10.1,5.84,7.88,2.57
"85","Ba","85712",3,10.4,19.8,11.5,13.9,5.13,13.3,1.41
"86","Ba","85713",19,1.2,54.2,11,16.8,12.9,12.7,2.29
"87","Ba","85714",30,2.51,38,11.2,14.5,9.6,11.4,2.08
"88","Ba","85716",6,8.86,24.4,13.4,14.8,6.08,13.8,1.5
"89","Ba","85718",4,5.56,47.8,8.54,17.6,20.2,11.7,2.64
"90","Ba","85719",14,4.68,74.4,16,20.2,17.4,15.8,2.01
"91","Ba","85745",15,6.73,28.4,12.3,14.1,6.04,13,1.51
"92","Ba","85746",9,3.1,19.7,8.16,9.47,5.47,8.12,1.83
"93","Ba","85748",6,2.16,11.4,3.94,5.15,3.46,4.36,1.85
"94","Ba","85749",8,1.93,12.3,5.43,5.38,3.27,4.62,1.81
"95","Ba","85750",1,36.9,36.9,36.9,36.9,NA,36.9,NA
"96","Ba","85756",11,0.178,23.7,3.95,8.98,9.65,3.06,6.45
"97","Ba","86314",4,2.52,34,17.7,18,16.3,10.9,3.6
"98","Ba","86327",33,0.314,22.4,3.69,5.97,5.7,3.84,2.75
"99","Ba","86333",5,2.99,16.5,5.23,8.42,5.95,6.82,2.08
"100","Ba",NA,2,8.29,15.1,11.7,11.7,4.83,11.2,1.53
"101","Be","85135",22,0.0025,0.0689,0.0212,0.0272,0.0188,0.0198,2.52
"102","Be","85192",51,0.00063,1.4,0.0338,0.0585,0.196,0.0191,3.81
"103","Be","85286",2,0.0677,0.133,0.1,0.1,0.0461,0.0949,1.61
"104","Be","85501",83,0.0025,0.795,0.04,0.0582,0.102,0.0351,2.52
"105","Be","85502",17,0.0042,0.593,0.0387,0.0662,0.138,0.029,3.18
"106","Be","85539",5,0.04,0.064,0.0468,0.0507,0.00969,0.0499,1.21
"107","Be","85705",7,0.00133,0.0741,0.0116,0.0254,0.0275,0.0112,4.94
"108","Be","85706",26,0.0019,0.511,0.016,0.0412,0.0996,0.0168,3.16
"109","Be","85711",27,0.00155,0.064,0.0159,0.0207,0.0163,0.0143,2.64
"110","Be","85712",3,0.00773,0.016,0.00994,0.0112,0.00428,0.0107,1.45
"111","Be","85713",19,0.0042,0.104,0.0197,0.0304,0.0241,0.0223,2.37
"112","Be","85714",30,0.0042,0.0642,0.0205,0.0283,0.0166,0.023,2.04
"113","Be","85716",6,0.00817,0.136,0.0136,0.0409,0.0514,0.0224,3.16
"114","Be","85718",4,0.0025,0.0352,0.0137,0.0163,0.0138,0.0112,3.03
"115","Be","85719",14,0.00394,0.042,0.00872,0.0149,0.0144,0.0104,2.31
"116","Be","85745",15,0.00063,0.04,0.0111,0.0151,0.0135,0.00864,3.72
"117","Be","85746",9,0.00674,0.04,0.018,0.022,0.0119,0.019,1.84
"118","Be","85748",6,0.0025,0.064,0.0173,0.0258,0.0223,0.0173,3.05
"119","Be","85749",8,0.0018,0.0252,0.0152,0.0126,0.00836,0.00923,2.59
"120","Be","85750",1,0.0025,0.0025,0.0025,0.0025,NA,0.0025,NA
"121","Be","85756",11,0.0042,0.064,0.0254,0.0299,0.0208,0.0219,2.55
"122","Be","86314",4,0.0042,0.0357,0.00659,0.0133,0.015,0.00898,2.58
"123","Be","86327",33,0.0019,0.0707,0.0255,0.0313,0.0225,0.0217,2.7
"124","Be","86333",5,0.0016,0.00648,0.00545,0.00457,0.00196,0.00411,1.77
"125","Be",NA,2,0.0042,0.00876,0.00648,0.00648,0.00322,0.00606,1.68
"126","Cd","85135",22,0.191,2.51,0.593,0.779,0.612,0.587,2.16
"127","Cd","85192",51,0.00528,2.64,0.124,0.238,0.407,0.124,3.13
"128","Cd","85286",2,0.502,1.31,0.907,0.907,0.572,0.811,1.97
"129","Cd","85501",83,0.0071,11.7,0.117,0.748,2.18,0.153,4.29
"130","Cd","85502",17,0.0465,3.28,0.185,0.41,0.762,0.188,3.26
"131","Cd","85539",5,0.0775,0.416,0.121,0.181,0.141,0.146,2.02
"132","Cd","85705",7,0.0403,0.129,0.0727,0.0771,0.0289,0.0727,1.46
"133","Cd","85706",26,0.007,0.378,0.0486,0.0756,0.0716,0.0566,2.17
"134","Cd","85711",27,0.0066,0.219,0.0677,0.0833,0.0532,0.0666,2.12
"135","Cd","85712",3,0.0286,0.0986,0.0328,0.0533,0.0393,0.0452,1.97
"136","Cd","85713",19,0.0295,0.25,0.0631,0.0766,0.0524,0.0655,1.72
"137","Cd","85714",30,0.011,0.128,0.0383,0.0459,0.027,0.0394,1.76
"138","Cd","85716",6,0.042,0.427,0.135,0.175,0.149,0.124,2.55
"139","Cd","85718",4,0.011,0.0539,0.0283,0.0304,0.0202,0.025,2.11
"140","Cd","85719",14,0.019,0.201,0.0907,0.0847,0.0511,0.0695,2
"141","Cd","85745",15,0.0445,0.185,0.0697,0.0762,0.036,0.0704,1.48
"142","Cd","85746",9,0.0178,0.134,0.0572,0.0568,0.0362,0.0472,1.95
"143","Cd","85748",6,0.021,0.0458,0.0382,0.0357,0.0105,0.0342,1.39
"144","Cd","85749",8,0.007,0.0885,0.0254,0.0352,0.0306,0.0247,2.52
"145","Cd","85750",1,0.0245,0.0245,0.0245,0.0245,NA,0.0245,NA
"146","Cd","85756",11,0.0071,0.0405,0.033,0.0305,0.0102,0.028,1.66
"147","Cd","86314",4,0.0268,0.0853,0.0338,0.0449,0.0273,0.0401,1.69
"148","Cd","86327",33,0.0061,0.429,0.0202,0.0367,0.0719,0.0226,2.21
"149","Cd","86333",5,0.0126,1.38,0.0485,0.312,0.6,0.0695,6.3
"150","Cd",NA,2,0.0605,0.133,0.0968,0.0968,0.0514,0.0897,1.75
"151","Co","85135",22,0.0871,1.25,0.248,0.351,0.328,0.254,2.2
"152","Co","85192",51,0.0059,0.901,0.0803,0.128,0.143,0.085,2.54
"153","Co","85286",2,0.212,1.22,0.714,0.714,0.71,0.508,3.44
"154","Co","85501",83,0.0059,7.9,0.154,0.582,1.3,0.2,3.94
"155","Co","85502",17,0.0492,5.04,0.153,0.486,1.19,0.18,3.19
"156","Co","85539",5,0.0703,1.51,0.316,0.602,0.581,0.379,3.23
"157","Co","85705",7,0.0315,0.213,0.0703,0.09,0.0603,0.0761,1.85
"158","Co","85706",26,0.0045,2.42,0.0982,0.442,0.735,0.134,4.67
"159","Co","85711",27,0.00784,1.5,0.0727,0.239,0.392,0.101,3.51
"160","Co","85712",3,0.078,0.353,0.128,0.186,0.146,0.152,2.16
"161","Co","85713",19,0.0187,0.58,0.0699,0.116,0.131,0.0785,2.36
"162","Co","85714",30,0.0458,1.4,0.102,0.213,0.309,0.126,2.47
"163","Co","85716",6,0.059,0.764,0.167,0.295,0.295,0.185,2.97
"164","Co","85718",4,0.077,0.76,0.24,0.329,0.301,0.237,2.6
"165","Co","85719",14,0.0278,1.41,0.0931,0.206,0.356,0.104,2.91
"166","Co","85745",15,0.0246,0.449,0.0613,0.119,0.117,0.0803,2.5
"167","Co","85746",9,0.025,0.701,0.0518,0.165,0.235,0.0802,3.24
"168","Co","85748",6,0.0167,0.163,0.0456,0.06,0.0536,0.0451,2.25
"169","Co","85749",8,0.0059,0.265,0.0698,0.0867,0.0831,0.054,3.24
"170","Co","85750",1,0.127,0.127,0.127,0.127,NA,0.127,NA
"171","Co","85756",11,0.0059,0.109,0.0746,0.0687,0.0284,0.0575,2.24
"172","Co","86314",4,0.0256,0.388,0.236,0.221,0.182,0.14,3.6
"173","Co","86327",33,0.0045,1.23,0.069,0.183,0.299,0.0812,3.59
"174","Co","86333",5,0.0723,0.299,0.155,0.178,0.108,0.15,1.95
"175","Co",NA,2,0.0517,0.105,0.0783,0.0783,0.0377,0.0737,1.65
"176","Cr","85135",22,0.115,1.21,0.396,0.477,0.343,0.362,2.2
"177","Cr","85192",51,0.057,4.75,0.278,0.42,0.667,0.274,2.3
"178","Cr","85286",2,0.134,0.528,0.331,0.331,0.278,0.266,2.63
"179","Cr","85501",83,0.011,10.6,0.3,0.805,1.6,0.322,3.62
"180","Cr","85502",17,0.0335,1.26,0.366,0.44,0.343,0.311,2.61
"181","Cr","85539",5,0.22,0.493,0.279,0.309,0.107,0.297,1.36
"182","Cr","85705",7,0.145,1.15,0.284,0.401,0.339,0.325,1.9
"183","Cr","85706",26,0.011,28.7,0.483,1.98,5.55,0.531,4.64
"184","Cr","85711",27,0.056,14.2,0.266,0.791,2.69,0.265,2.77
"185","Cr","85712",3,0.152,0.59,0.221,0.321,0.235,0.271,2.01
"186","Cr","85713",19,0.056,2.36,0.349,0.534,0.539,0.362,2.52
"187","Cr","85714",30,0.055,13.6,0.392,1.33,2.81,0.509,3.51
"188","Cr","85716",6,0.233,1.67,0.341,0.607,0.564,0.454,2.2
"189","Cr","85718",4,0.0968,1.03,0.23,0.396,0.437,0.25,3
"190","Cr","85719",14,0.056,0.646,0.242,0.296,0.178,0.244,2
"191","Cr","85745",15,0.056,2.11,0.389,0.565,0.537,0.398,2.41
"192","Cr","85746",9,0.0918,0.568,0.275,0.324,0.168,0.28,1.84
"193","Cr","85748",6,0.0516,2.06,0.373,0.638,0.752,0.335,3.76
"194","Cr","85749",8,0.127,52.4,2.86,13.1,19.7,2,11.9
"195","Cr","85750",1,0.383,0.383,0.383,0.383,NA,0.383,NA
"196","Cr","85756",11,0.0351,1.25,0.259,0.463,0.397,0.308,2.84
"197","Cr","86314",4,0.562,0.775,0.704,0.686,0.0969,0.681,1.16
"198","Cr","86327",33,0.0732,86,0.401,3.35,14.9,0.469,4.14
"199","Cr","86333",5,0.219,1.29,0.361,0.523,0.436,0.426,1.94
"200","Cr",NA,2,0.0812,0.259,0.17,0.17,0.126,0.145,2.27
"201","Cu","85135",22,25.4,658,81,151,165,99.5,2.41
"202","Cu","85192",51,0.469,3160,34.4,128,443,35.1,4.87
"203","Cu","85286",2,104,141,122,122,26.7,121,1.25
"204","Cu","85501",83,0.921,2740,23.7,116,363,28.5,4.17
"205","Cu","85502",17,8.58,349,26.5,44.7,80.1,24.9,2.53
"206","Cu","85539",5,33.5,111,54.4,61.7,29.8,56.7,1.56
"207","Cu","85705",7,8.34,17.8,11.8,12.8,3.72,12.3,1.35
"208","Cu","85706",26,0.301,244,20.8,37.9,50.1,20.8,3.5
"209","Cu","85711",27,1.06,96.7,10.6,22,24.6,13.3,2.8
"210","Cu","85712",3,6.33,13.2,7.28,8.93,3.72,8.47,1.48
"211","Cu","85713",19,1.83,149,28.6,37.1,34.3,25.1,2.74
"212","Cu","85714",30,3.37,74.1,15.1,20,15.8,15.6,2.06
"213","Cu","85716",6,9.34,685,52.1,159,262,57.3,4.71
"214","Cu","85718",4,4.11,54.3,5.69,17.5,24.6,9.04,3.4
"215","Cu","85719",14,7.1,84,16.9,23,20,18.2,1.93
"216","Cu","85745",15,4.33,26.4,11.9,14,8.43,11.5,1.95
"217","Cu","85746",9,8.68,40.4,14.4,18.6,10.6,16.3,1.69
"218","Cu","85748",6,7.93,77.4,14.6,26.5,26.6,18.8,2.35
"219","Cu","85749",8,1.34,101,4.52,17.8,34.2,6.08,4.03
"220","Cu","85750",1,20.2,20.2,20.2,20.2,NA,20.3,NA
"221","Cu","85756",11,0.237,32.8,14.8,14.3,8.05,10.1,3.66
"222","Cu","86314",4,1.7,7.46,4.17,4.38,2.36,3.85,1.84
"223","Cu","86327",33,0.238,133,10.6,16.2,24.3,6.69,4.5
"224","Cu","86333",5,1.5,10.8,2.02,5.06,4.46,3.57,2.55
"225","Cu",NA,2,15.8,29.1,22.4,22.4,9.38,21.4,1.54
"226","Fe","85135",22,13.4,548,52.5,108,146,61.5,2.69
"227","Fe","85192",51,2.5,324,27.1,51,64.6,28.8,2.94
"228","Fe","85286",2,7.91,30.6,19.2,19.2,16,15.5,2.6
"229","Fe","85501",83,5.56,858,37.9,64.1,106,38.7,2.52
"230","Fe","85502",17,8.59,121,40.9,49.8,30.3,41.4,1.94
"231","Fe","85539",5,24.9,1600,48.1,355,697,82,5.62
"232","Fe","85705",7,6.13,218,69.6,75.5,68.6,50.2,3.03
"233","Fe","85706",26,8.06,889,41.8,108,196,52.4,2.9
"234","Fe","85711",27,10.2,182,34.2,52,43.9,40.3,2
"235","Fe","85712",3,46.4,500,84.4,210,252,125,3.44
"236","Fe","85713",19,9.05,142,36.7,47.5,32.9,38.5,1.96
"237","Fe","85714",30,7.95,438,40.8,71,96.2,43.3,2.52
"238","Fe","85716",6,62.8,509,137,189,162,150,2.01
"239","Fe","85718",4,5.67,1640,54.9,438,799,72.7,10.3
"240","Fe","85719",14,3.13,831,24.6,81,216,26.3,3.26
"241","Fe","85745",15,4.2,228,23.4,40.6,59.1,22.6,2.79
"242","Fe","85746",9,6.32,117,62.6,53.4,39.5,36.8,2.8
"243","Fe","85748",6,9.02,99.1,60.2,53.6,33.9,40.8,2.52
"244","Fe","85749",8,26.5,240,60.2,85.3,72.7,65.8,2.1
"245","Fe","85750",1,8.57,8.57,8.57,8.57,NA,8.57,NA
"246","Fe","85756",11,7.1,83.6,36,37.7,22.6,31,2.03
"247","Fe","86314",4,4.39,112,12,35,51.2,16.2,3.94
"248","Fe","86327",33,6.28,455,50.9,81.5,113,43,3.02
"249","Fe","86333",5,9.96,36.8,16.7,19.8,11.4,17.4,1.78
"250","Fe",NA,2,79.8,106,92.8,92.8,18.5,91.9,1.22
"251","Mn","85135",22,3.1,113,14.3,22.8,27.2,14.9,2.43
"252","Mn","85192",51,0.168,60,4.56,8.86,11.1,4.27,3.98
"253","Mn","85286",2,30.6,107,68.7,68.7,53.9,57.2,2.42
"254","Mn","85501",83,0.149,612,8.89,44.8,98.7,9.78,6.25
"255","Mn","85502",17,1.73,175,13.5,23.5,40.5,11.3,3.25
"256","Mn","85539",5,2.7,368,41.7,115,152,40.1,6.76
"257","Mn","85705",7,0.666,9.88,2.56,3.52,3.31,2.32,2.81
"258","Mn","85706",26,0.154,378,5,27.3,75.4,4.66,6.09
"259","Mn","85711",27,0.0668,98.6,3.91,19.1,29.9,4.92,6.24
"260","Mn","85712",3,3.76,118,11.4,44.5,64.1,17.2,5.82
"261","Mn","85713",19,0.858,39.6,2.44,8.24,12.2,3.61,3.47
"262","Mn","85714",30,0.292,207,3.78,22.2,48.6,4.58,5.6
"263","Mn","85716",6,2.43,82.9,10.7,27.7,32.7,14.1,3.76
"264","Mn","85718",4,4.55,109,11.8,34.4,50.4,14.7,4.43
"265","Mn","85719",14,0.382,142,3.17,14.4,37.1,3.43,4.87
"266","Mn","85745",15,0.648,50.9,4.63,9.92,13.7,4.62,3.72
"267","Mn","85746",9,0.812,112,1.75,27.6,47,5.15,7.08
"268","Mn","85748",6,0.444,30.9,2.04,6.61,11.9,2.32,4.33
"269","Mn","85749",8,0.457,55.4,3.43,10.8,18.7,3.25,5.38
"270","Mn","85750",1,6.33,6.33,6.33,6.33,NA,6.33,NA
"271","Mn","85756",11,0.213,2.46,1.15,1.09,0.77,0.827,2.27
"272","Mn","86314",4,0.748,8.22,2.5,3.49,3.5,2.2,3.17
"273","Mn","86327",33,0.13,313,2.8,21.8,59.8,3.39,6.42
"274","Mn","86333",5,2.23,23.7,8.47,10.7,8.5,8,2.49
"275","Mn",NA,2,4.44,9.52,6.98,6.98,3.59,6.5,1.71
"276","Mo","85135",22,0.662,6.21,2.13,2.86,1.69,2.41,1.84
"277","Mo","85192",51,0.113,11.1,1.07,1.86,2.16,1.11,2.84
"278","Mo","85286",2,2.45,3.24,2.84,2.84,0.559,2.81,1.22
"279","Mo","85501",83,0.0938,5.48,0.491,0.876,1.06,0.562,2.39
"280","Mo","85502",17,0.066,1.39,0.251,0.335,0.299,0.261,2.02
"281","Mo","85539",5,0.229,1.58,0.549,0.737,0.531,0.599,2.08
"282","Mo","85705",7,0.62,4.05,2.13,1.96,1.27,1.59,2.05
"283","Mo","85706",26,0.0078,25.6,3.11,6.24,7.04,3.14,4.75
"284","Mo","85711",27,0.163,5.02,2,2.35,1.26,1.98,2
"285","Mo","85712",3,0.552,3.61,2.55,2.24,1.55,1.72,2.72
"286","Mo","85713",19,0.531,9.51,2.81,3.28,2.24,2.65,2
"287","Mo","85714",30,0.905,6.69,2.72,2.94,1.35,2.66,1.61
"288","Mo","85716",6,0.883,2.49,1.35,1.59,0.715,1.47,1.56
"289","Mo","85718",4,0.577,2.02,0.82,1.06,0.653,0.94,1.71
"290","Mo","85719",14,0.681,5.81,1.72,2.34,1.71,1.91,1.89
"291","Mo","85745",15,0.843,3.07,1.48,1.54,0.625,1.44,1.45
"292","Mo","85746",9,1.07,4.26,2.64,2.75,1.29,2.45,1.7
"293","Mo","85748",6,0.378,4.53,1.05,1.58,1.54,1.13,2.4
"294","Mo","85749",8,0.551,5.66,1.26,1.97,1.75,1.44,2.31
"295","Mo","85750",1,1.44,1.44,1.44,1.44,NA,1.44,NA
"296","Mo","85756",11,0.0927,7.36,4.58,4.57,1.93,3.39,3.39
"297","Mo","86314",4,0.196,3.14,1.38,1.53,1.55,0.754,4.63
"298","Mo","86327",33,0.016,11,0.156,0.58,1.89,0.176,3.45
"299","Mo","86333",5,0.119,11.7,0.133,2.44,5.16,0.317,7.52
"300","Mo",NA,2,1.74,5.06,3.4,3.4,2.34,2.97,2.12
"301","Ni","85135",22,0.29,4.18,0.479,0.897,0.943,0.644,2.11
"302","Ni","85192",51,0.083,3.07,0.491,0.663,0.557,0.506,2.11
"303","Ni","85286",2,0.58,1.78,1.18,1.18,0.85,1.02,2.21
"304","Ni","85501",83,0.0841,466,0.724,11.1,56.5,1.1,4.77
"305","Ni","85502",17,0.229,9.93,0.622,1.41,2.28,0.801,2.65
"306","Ni","85539",5,0.798,3.79,1.03,1.65,1.27,1.36,1.94
"307","Ni","85705",7,0.398,0.81,0.651,0.635,0.15,0.618,1.29
"308","Ni","85706",26,0.0681,13.3,0.892,2.44,3.71,1.05,3.65
"309","Ni","85711",27,0.129,17.4,0.839,1.94,3.45,0.963,2.99
"310","Ni","85712",3,0.453,1.17,0.836,0.819,0.358,0.762,1.62
"311","Ni","85713",19,0.223,4.4,0.782,1.14,1.03,0.842,2.2
"312","Ni","85714",30,0.379,7,0.89,1.32,1.39,0.965,2.06
"313","Ni","85716",6,0.458,7.81,2.31,2.92,2.67,1.99,2.77
"314","Ni","85718",4,0.359,3.01,0.558,1.12,1.27,0.749,2.64
"315","Ni","85719",14,0.382,2.92,0.864,1.12,0.732,0.938,1.84
"316","Ni","85745",15,0.203,2.35,0.625,0.773,0.635,0.614,1.94
"317","Ni","85746",9,0.359,1.73,0.83,0.814,0.477,0.698,1.8
"318","Ni","85748",6,0.285,1.25,0.475,0.614,0.366,0.538,1.74
"319","Ni","85749",8,0.174,2.05,0.413,0.613,0.609,0.452,2.19
"320","Ni","85750",1,0.753,0.753,0.753,0.753,NA,0.753,NA
"321","Ni","85756",11,0.0884,1.06,0.453,0.528,0.31,0.436,2.05
"322","Ni","86314",4,0.408,2.39,1.32,1.36,0.819,1.14,2.1
"323","Ni","86327",33,0.0571,59.7,0.558,2.85,10.3,0.759,3.56
"324","Ni","86333",5,0.299,3.34,0.392,1.17,1.32,0.716,2.97
"325","Ni",NA,2,0.875,1.22,1.05,1.05,0.245,1.03,1.27
"326","Pb","85135",22,0.35,23.6,1.86,4.5,6.53,2.35,2.93
"327","Pb","85192",51,0.0319,13.4,0.408,1.07,2.26,0.45,3.27
"328","Pb","85286",2,1.07,15.6,8.36,8.36,10.3,4.1,6.65
"329","Pb","85501",83,0.0355,27.2,0.657,1.63,3.59,0.634,3.65
"330","Pb","85502",17,0.0989,14,0.373,1.3,3.3,0.466,3.19
"331","Pb","85539",5,0.497,2.87,2.08,1.75,1.01,1.45,2.11
"332","Pb","85705",7,0.337,2.19,1.24,1.11,0.68,0.912,2.04
"333","Pb","85706",26,0.0382,19.9,1.07,2.21,3.95,0.898,4.18
"334","Pb","85711",27,0.102,20.8,0.335,1.68,4.02,0.539,3.76
"335","Pb","85712",3,0.24,0.553,0.519,0.437,0.172,0.41,1.59
"336","Pb","85713",19,0.0981,13.7,0.464,1.78,3.21,0.634,4.26
"337","Pb","85714",30,0.0712,16.4,0.583,1.78,3.31,0.672,3.92
"338","Pb","85716",6,0.58,350,6.33,65.2,140,8.74,9.08
"339","Pb","85718",4,0.0784,3.44,0.236,0.997,1.63,0.336,5.25
"340","Pb","85719",14,0.0682,2,0.414,0.656,0.623,0.395,3.07
"341","Pb","85745",15,0.0377,75.4,0.599,6.11,19.2,0.672,6.79
"342","Pb","85746",9,0.169,1.76,0.483,0.725,0.628,0.509,2.47
"343","Pb","85748",6,0.0484,2.19,0.156,0.488,0.838,0.209,3.56
"344","Pb","85749",8,0.128,16.2,0.335,3.4,6.06,0.665,6.4
"345","Pb","85750",1,0.901,0.901,0.901,0.901,NA,0.901,NA
"346","Pb","85756",11,0.0681,1.45,0.572,0.687,0.517,0.486,2.63
"347","Pb","86314",4,0.119,0.912,0.331,0.423,0.378,0.295,2.76
"348","Pb","86327",33,0.0142,3.18,0.181,0.744,0.922,0.312,4.24
"349","Pb","86333",5,0.114,0.583,0.261,0.279,0.185,0.237,1.89
"350","Pb",NA,2,0.492,0.537,0.514,0.514,0.0316,0.514,1.06
"351","Sb","85135",22,0.446,4.67,0.871,1.26,1.08,1.02,1.82
"352","Sb","85192",51,0.16,9.15,0.582,0.937,1.37,0.6,2.33
"353","Sb","85286",2,0.612,0.9,0.756,0.756,0.204,0.742,1.31
"354","Sb","85501",83,0.12,4.42,0.503,0.691,0.697,0.517,2.06
"355","Sb","85502",17,0.173,1.1,0.419,0.503,0.235,0.452,1.64
"356","Sb","85539",5,0.285,0.596,0.426,0.442,0.115,0.43,1.31
"357","Sb","85705",7,0.335,5.35,0.794,1.68,1.87,1.04,2.79
"358","Sb","85706",26,0.11,8.16,0.694,1.34,1.86,0.84,2.41
"359","Sb","85711",27,0.294,1.62,0.642,0.724,0.359,0.649,1.61
"360","Sb","85712",3,0.436,0.665,0.538,0.546,0.115,0.538,1.23
"361","Sb","85713",19,0.229,2.34,0.746,0.935,0.55,0.791,1.84
"362","Sb","85714",30,0.26,2.69,0.588,0.654,0.443,0.571,1.64
"363","Sb","85716",6,0.529,2.6,1.32,1.31,0.761,1.13,1.85
"364","Sb","85718",4,0.173,0.926,0.287,0.418,0.35,0.331,2.14
"365","Sb","85719",14,0.292,1.47,0.62,0.711,0.336,0.644,1.58
"366","Sb","85745",15,0.274,2.38,0.678,0.765,0.511,0.657,1.72
"367","Sb","85746",9,0.24,1.36,0.511,0.594,0.344,0.521,1.71
"368","Sb","85748",6,0.184,0.7,0.393,0.419,0.217,0.37,1.75
"369","Sb","85749",8,0.151,0.588,0.263,0.327,0.16,0.295,1.62
"370","Sb","85750",1,0.265,0.265,0.265,0.265,NA,0.265,NA
"371","Sb","85756",11,0.122,0.819,0.451,0.464,0.215,0.411,1.74
"372","Sb","86314",4,0.218,0.318,0.283,0.275,0.0494,0.272,1.2
"373","Sb","86327",33,0.106,1.38,0.372,0.422,0.258,0.357,1.82
"374","Sb","86333",5,0.21,0.553,0.505,0.402,0.172,0.368,1.64
"375","Sb",NA,2,0.288,0.513,0.4,0.4,0.159,0.384,1.51
"376","Se","85135",22,0.552,4.07,1.6,1.92,0.915,1.73,1.62
"377","Se","85192",51,0.25,6.16,1.35,1.8,1.48,1.33,2.23
"378","Se","85286",2,1.05,3.29,2.17,2.17,1.59,1.86,2.25
"379","Se","85501",83,0.16,7.43,1.21,1.88,1.66,1.26,2.59
"380","Se","85502",17,0.26,7.42,1.6,2.14,1.86,1.52,2.42
"381","Se","85539",5,0.704,1.6,1.08,1.05,0.359,1,1.39
"382","Se","85705",7,0.22,7.32,1.6,2.31,2.44,1.43,3.08
"383","Se","85706",26,0.16,8.25,1.6,2.37,2.24,1.44,3.04
"384","Se","85711",27,0.25,6.39,1.09,1.61,1.45,1.19,2.17
"385","Se","85712",3,0.284,3,0.494,1.26,1.51,0.749,3.43
"386","Se","85713",19,0.229,11.6,1.6,2.06,2.51,1.36,2.46
"387","Se","85714",30,0.229,4.8,1.3,1.59,1.16,1.17,2.37
"388","Se","85716",6,0.181,7.38,1.92,2.75,2.84,1.35,4.49
"389","Se","85718",4,0.264,3.98,2.51,2.32,1.59,1.59,3.42
"390","Se","85719",14,0.239,3.54,1.05,1.25,1.08,0.87,2.51
"391","Se","85745",15,0.19,4.5,1.39,1.75,1.48,1.13,2.94
"392","Se","85746",9,0.16,4.8,0.78,1.79,1.93,0.91,3.74
"393","Se","85748",6,0.16,3.63,1.81,1.9,1.28,1.33,3.11
"394","Se","85749",8,0.16,4.8,2.06,2.05,1.55,1.36,3.13
"395","Se","85750",1,0.465,0.465,0.465,0.465,NA,0.465,NA
"396","Se","85756",11,0.277,3.57,2.44,1.93,1.16,1.42,2.61
"397","Se","86314",4,1.24,4.97,3.47,3.29,1.54,2.93,1.82
"398","Se","86327",33,0.16,5.34,1.6,1.79,1.1,1.45,2.06
"399","Se","86333",5,0.19,11.7,0.487,2.95,4.96,0.895,5.55
"400","Se",NA,2,1.26,2.98,2.12,2.12,1.21,1.94,1.84
"401","Sn","85135",22,0.00828,1.01,0.102,0.201,0.266,0.0921,3.87
"402","Sn","85192",51,0.00196,2.94,0.0596,0.168,0.439,0.0561,3.9
"403","Sn","85286",2,0.151,0.182,0.166,0.166,0.0214,0.166,1.14
"404","Sn","85501",83,0.00511,80.7,0.0879,1.39,8.97,0.103,4.5
"405","Sn","85502",17,0.017,13.9,0.109,0.995,3.33,0.134,4.93
"406","Sn","85539",5,0.0153,0.0867,0.044,0.0487,0.0286,0.0411,1.98
"407","Sn","85705",7,0.0274,0.164,0.0573,0.0633,0.0473,0.0527,1.86
"408","Sn","85706",26,0.024,3.21,0.171,0.379,0.629,0.187,3.26
"409","Sn","85711",27,0.011,0.912,0.0489,0.12,0.187,0.064,2.84
"410","Sn","85712",3,0.0298,0.0735,0.0458,0.0497,0.0221,0.0465,1.57
"411","Sn","85713",19,0.015,0.275,0.0699,0.0961,0.0756,0.0731,2.17
"412","Sn","85714",30,0.015,1.76,0.163,0.276,0.358,0.152,3.12
"413","Sn","85716",6,0.0703,0.986,0.152,0.289,0.35,0.184,2.61
"414","Sn","85718",4,0.175,0.732,0.435,0.444,0.306,0.356,2.21
"415","Sn","85719",14,0.018,0.114,0.0393,0.0458,0.0266,0.0404,1.64
"416","Sn","85745",15,0.0518,2.42,0.217,0.494,0.662,0.255,3.13
"417","Sn","85746",9,0.0175,0.242,0.0597,0.0909,0.0749,0.0664,2.37
"418","Sn","85748",6,0.0258,0.536,0.102,0.159,0.193,0.0913,3.14
"419","Sn","85749",8,0.0831,1.65,0.356,0.511,0.5,0.357,2.48
"420","Sn","85750",1,0.112,0.112,0.112,0.112,NA,0.112,NA
"421","Sn","85756",11,0.011,0.611,0.126,0.185,0.169,0.124,2.86
"422","Sn","86314",4,0.011,0.406,0.0286,0.118,0.192,0.0431,4.81
"423","Sn","86327",33,0.011,2.47,0.0618,0.17,0.426,0.0701,3.11
"424","Sn","86333",5,0.0173,0.104,0.031,0.0428,0.0347,0.0351,1.93
"425","Sn",NA,2,0.143,0.152,0.148,0.148,0.00665,0.148,1.05
"426","V","85135",22,0.44,6.24,1.28,1.66,1.36,1.35,1.82
"427","V","85192",51,0.173,17.5,1.69,2.77,2.98,1.87,2.42
"428","V","85286",2,1.45,2.28,1.86,1.86,0.582,1.82,1.37
"429","V","85501",83,0.176,13.2,1.4,2.03,2.12,1.34,2.48
"430","V","85502",17,0.44,4.99,1.11,1.48,1.2,1.16,2.01
"431","V","85539",5,0.63,1.4,0.853,0.897,0.304,0.861,1.37
"432","V","85705",7,0.393,6.43,1.24,1.77,2.08,1.21,2.36
"433","V","85706",26,0.342,29,2.6,6.2,8.56,2.77,3.62
"434","V","85711",27,0.545,5.58,1.85,2.22,1.23,1.91,1.77
"435","V","85712",3,0.23,2.19,0.49,0.97,1.07,0.627,3.15
"436","V","85713",19,0.63,6.72,2.65,2.93,2.05,2.26,2.18
"437","V","85714",30,1.22,6.76,2.7,3.17,1.63,2.81,1.64
"438","V","85716",6,0.512,7.59,1.95,3.02,2.7,2.09,2.66
"439","V","85718",4,0.239,3.74,0.77,1.38,1.62,0.811,3.31
"440","V","85719",14,0.63,5.48,1.53,1.86,1.57,1.46,1.95
"441","V","85745",15,0.301,11.4,0.957,1.94,2.97,1.11,2.57
"442","V","85746",9,0.681,3.54,1.96,1.98,0.989,1.73,1.8
"443","V","85748",6,0.346,5.25,1.39,2.15,2.04,1.36,3.05
"444","V","85749",8,0.406,9.07,1.57,2.64,2.97,1.58,2.97
"445","V","85750",1,1.96,1.96,1.96,1.96,NA,1.96,NA
"446","V","85756",11,0.44,7.27,2.01,3.12,2.38,2.3,2.39
"447","V","86314",4,2.07,6.08,3.77,3.92,1.89,3.57,1.66
"448","V","86327",33,0.145,9.54,1.63,2.63,2.45,1.75,2.61
"449","V","86333",5,0.672,6.02,1.02,2.07,2.27,1.41,2.51
"450","V",NA,2,0.44,1.38,0.91,0.91,0.664,0.779,2.24
"451","Zn","85135",22,15.8,1280,107,350,411,153,4.15
"452","Zn","85192",51,5.95,541,40.2,67.6,105,35.8,2.93
"453","Zn","85286",2,465,482,474,474,12.1,474,1.03
"454","Zn","85501",83,3.94,1450,89.9,173,256,77.8,3.8
"455","Zn","85502",17,58.4,4170,652,1270,1280,726,3.34
"456","Zn","85539",5,36.8,316,83.8,131,112,99.2,2.29
"457","Zn","85705",7,41.1,170,109,103,47.2,92.2,1.73
"458","Zn","85706",26,2.4,1190,139,230,271,124,3.59
"459","Zn","85711",27,3.68,557,85,154,147,99.8,2.83
"460","Zn","85712",3,136,337,186,220,105,204,1.59
"461","Zn","85713",19,13.4,343,73.6,107,92.1,78.3,2.28
"462","Zn","85714",30,8.56,160,46.5,60.5,40.9,47.9,2.09
"463","Zn","85716",6,131,586,332,325,164,288,1.74
"464","Zn","85718",4,2700,12700,4130,5920,4710,4800,2.06
"465","Zn","85719",14,64.8,271,164,171,64,159,1.51
"466","Zn","85745",15,65.6,7630,300,2090,2790,546,6.42
"467","Zn","85746",9,16.9,72.7,45.6,44.8,19.8,40.5,1.65
"468","Zn","85748",6,45,243,108,126,66.9,111,1.74
"469","Zn","85749",8,18.8,232,107,106,61.2,88,2.08
"470","Zn","85750",1,76.8,76.8,76.8,76.8,NA,76.8,NA
"471","Zn","85756",11,5.15,66.9,21,24.7,18.4,19,2.2
"472","Zn","86314",4,13.2,34,28.1,25.8,9.4,24.3,1.54
"473","Zn","86327",33,1.4,3640,26.3,204,638,37.7,5.1
"474","Zn","86333",5,24.8,646,86.8,187,258,102,3.22
"475","Zn",NA,2,81,96,88.5,88.5,10.6,88.2,1.13
"476","pli","85135",22,2.11,13.4,3.15,4.77,3.31,3.99,1.78
"477","pli","85192",51,0.169,10.9,1.71,2.13,1.79,1.6,2.24
"478","pli","85286",2,5.11,7.24,6.17,6.17,1.5,6.08,1.28
"479","pli","85501",83,0.244,24.6,1.93,3.3,3.99,2.14,2.44
"480","pli","85502",17,0.951,18.7,2.25,3.2,4.12,2.28,2.06
"481","pli","85539",5,1.69,6.34,3.52,3.89,1.76,3.55,1.65
"482","pli","85705",7,0.906,3.16,1.46,1.6,0.73,1.49,1.47
"483","pli","85706",26,0.118,13.1,1.71,2.62,2.63,1.85,2.44
"484","pli","85711",27,0.199,5.48,1.43,1.78,1.25,1.45,1.97
"485","pli","85712",3,1.34,1.68,1.53,1.52,0.171,1.51,1.12
"486","pli","85713",19,0.536,7.75,1.59,2.1,1.69,1.69,1.9
"487","pli","85714",30,0.635,5.39,1.46,1.82,1.12,1.57,1.71
"488","pli","85716",6,1.74,8.19,3.87,4.31,2.53,3.69,1.87
"489","pli","85718",4,0.712,7.15,1.37,2.65,3.03,1.74,2.74
"490","pli","85719",14,0.892,3.17,1.42,1.64,0.702,1.51,1.5
"491","pli","85745",15,0.783,4.9,1.48,1.91,1.14,1.68,1.63
"492","pli","85746",9,0.595,2.87,1.16,1.46,0.845,1.26,1.76
"493","pli","85748",6,0.673,2.48,1.05,1.22,0.664,1.1,1.6
"494","pli","85749",8,0.429,6.92,1.15,1.77,2.14,1.18,2.41
"495","pli","85750",1,1.4,1.4,1.4,1.4,NA,1.4,NA
"496","pli","85756",11,0.127,1.88,1.11,0.992,0.47,0.836,2.08
"497","pli","86314",4,0.704,1.65,1.03,1.1,0.404,1.05,1.43
"498","pli","86327",33,0.148,7.88,0.901,1.53,1.67,1.04,2.36
"499","pli","86333",5,0.563,2.96,0.878,1.37,0.971,1.15,1.91
"500","pli",NA,2,1.24,1.42,1.33,1.33,0.131,1.33,1.1
